title,company,location,posted_date,salary,description,url,source,keyword
Data Analyst,IQVIA,North Sydney NSW,Posted 17h ago,,Data Analyst,https://au.jora.com/job/Data-Analyst-00975e3a5d2e0b69719dee7894e394c6?abstract_type=extended_llm&disallow=true&fsv=true&sl=Sydney&sol_key=7602f880d2448760c8428adace558597&sp=serp&sponsored=false&sq=data+analyst&sr=1&tk=zJfmYWCRxeQlU4P2ipiS-4elbnsfNd4YnI2NySxuC&trigger_source=serp,Jora (Playwright),data analyst
Systems & Data Analyst,Country Universities Centre,Sydney CBD NSW,Posted 8h ago,,Systems & Data Analyst,https://au.jora.com/job/Data-Analyst-34f89708a9416ef0c8770be9e2c648dc?abstract_type=extended_llm&disallow=true&fsv=true&sl=Sydney&sol_key=161398fd95751246a9303332383727f6&sp=serp&sponsored=false&sq=data+analyst&sr=2&tk=zJfmYWCRxeQlU4P2ipiS-4elbnsfNd4YnI2NySxuC&trigger_source=serp,Jora (Playwright),data analyst
Data Analyst - 6 Month Contract,FourQuarters Recruitment,Sydney NSW,Posted 4d ago,,Data Analyst - 6 Month Contract,https://au.jora.com/job/Data-Analyst-b750147d87da79f14bbf61eb41454681?abstract_type=extended_llm&disallow=true&fsv=true&sl=Sydney&sol_key=af1d8504ef43650310ed136f9e7607f4&sp=sserp&sponsored=true&sq=data+analyst&sr=3&tk=zJfmYWCRxeQlU4P2ipiS-4elbnsfNd4YnI2NySxuC&trigger_source=serp,Jora (Playwright),data analyst
Data Analyst,Network of alcohol and other drugs agencies,Sydney CBD NSW,Posted 8d ago,,Data Analyst,https://au.jora.com/job/Data-Analyst-44e3612312ca9dd2d8f4cc287aab942b?abstract_type=extended_llm&disallow=true&fsv=true&sl=Sydney&sol_key=627c0138bb07f4c29c6a60f8943ced80&sp=serp&sponsored=false&sq=data+analyst&sr=4&tk=zJfmYWCRxeQlU4P2ipiS-4elbnsfNd4YnI2NySxuC&trigger_source=serp,Jora (Playwright),data analyst
Data Analyst,National Centre for Vocational Education Research,Sydney CBD NSW,Posted 8d ago,,Data Analyst,https://au.jora.com/job/Data-Analyst-24b16277a244538ea629ea36683ac219?abstract_type=extended_llm&disallow=true&fsv=true&sl=Sydney&sol_key=d4b407aaee14abe1280870f11e539a3b&sp=serp&sponsored=false&sq=data+analyst&sr=5&tk=zJfmYWCRxeQlU4P2ipiS-4elbnsfNd4YnI2NySxuC&trigger_source=serp,Jora (Playwright),data analyst
Senior Data Analyst,Recruitment Hive,Surry Hills NSW,Posted 1d ago,,Senior Data Analyst,https://au.jora.com/job/Data-Analyst-dd071003084afc0cfa33c7105e5dbd7e?abstract_type=extended_llm&disallow=true&fsv=true&sl=Sydney&sol_key=e92d269c587ea43d8bdfeaeab620c9d5&sp=serp&sponsored=false&sq=data+analyst&sr=6&tk=zJfmYWCRxeQlU4P2ipiS-4elbnsfNd4YnI2NySxuC&trigger_source=serp,Jora (Playwright),data analyst
Data Analyst - Finance,FourQuarters Recruitment,Sydney NSW,Posted 5d ago,,Data Analyst - Finance,https://au.jora.com/job/Data-Analyst-Finance-9a890712222238d7be7e1832206d3fcd?abstract_type=extended_llm&disallow=true&fsv=true&sl=Sydney&sol_key=4dd1cdd68ef57a4c7abc4c2488ecff54&sp=sserp&sponsored=true&sq=data+analyst&sr=7&tk=zJfmYWCRxeQlU4P2ipiS-4elbnsfNd4YnI2NySxuC&trigger_source=serp,Jora (Playwright),data analyst
BI Analyst,Excolo,Sydney NSW,Posted 5d ago,,BI Analyst,https://au.jora.com/job/BI-Analyst-bbf0ed13ea8c83f6a4bd7549dac9c534?abstract_type=extended_llm&disallow=true&fsv=true&sl=Sydney&sol_key=00b9c6437d4f1d7724d9687b8cfa8c0a&sp=sserp&sponsored=true&sq=data+analyst&sr=8&tk=zJfmYWCRxeQlU4P2ipiS-4elbnsfNd4YnI2NySxuC&trigger_source=serp,Jora (Playwright),data analyst
Market & Data Analyst,BDO,Sydney NSW,Posted 5d ago,,Market & Data Analyst,https://au.jora.com/job/Data-Analyst-a6eef79ec78ee86a78cd7beede1180ec?abstract_type=extended_llm&disallow=true&fsv=true&sl=Sydney&sol_key=85ffdd6cb3972bd75d652249f648a8ba&sp=serp&sponsored=false&sq=data+analyst&sr=9&tk=zJfmYWCRxeQlU4P2ipiS-4elbnsfNd4YnI2NySxuC&trigger_source=serp,Jora (Playwright),data analyst
Junior Data Analyst- Python,LVT People,Sydney NSW,Posted 9d ago,,Junior Data Analyst- Python,https://au.jora.com/job/Data-Analyst-2cd813ee6ff2b59357769a878b8fe4dc?abstract_type=extended_llm&disallow=true&fsv=true&sl=Sydney&sol_key=ba351201e1cfc9d5cc3c522d578f6e68&sp=serp&sponsored=false&sq=data+analyst&sr=10&tk=zJfmYWCRxeQlU4P2ipiS-4elbnsfNd4YnI2NySxuC&trigger_source=serp,Jora (Playwright),data analyst
Campaign Data Analyst,ING,Sydney NSW,Posted 1d ago,,Campaign Data Analyst,https://au.jora.com/job/Campaign-Data-Analyst-34df1d209cea744a2cd0daba8e8167e7?abstract_type=extended_llm&disallow=true&fsv=true&sl=Sydney&sol_key=3fe9f0a95cde608de59794188f399764&sp=serp&sponsored=false&sq=data+analyst&sr=11&tk=zJfmYWCRxeQlU4P2ipiS-4elbnsfNd4YnI2NySxuC&trigger_source=serp,Jora (Playwright),data analyst
Business Intelligence Analyst,Robert Half,North Sydney NSW,Posted 14d ago,,Business Intelligence Analyst,https://au.jora.com/job/Business-Intelligence-Analyst-432b8c8975c40bbc494d2d678d407ea6?abstract_type=extended_llm&disallow=true&fsv=true&sl=Sydney&sol_key=d3c5dec4945b4f2ec177810500d19710&sp=sserp&sponsored=true&sq=data+analyst&sr=12&tk=zJfmYWCRxeQlU4P2ipiS-4elbnsfNd4YnI2NySxuC&trigger_source=serp,Jora (Playwright),data analyst
Business Data Analyst,Enterprise IT Resources,Sydney CBD NSW,Posted 5d ago,,Business Data Analyst,https://au.jora.com/job/Business-Data-Analyst-8e0efae48a3657b82693245ba4d9e159?abstract_type=extended_llm&disallow=true&fsv=true&sl=Sydney&sol_key=fb9a612358b32840a2f37e074bcdf042&sp=serp&sponsored=false&sq=data+analyst&sr=13&tk=zJfmYWCRxeQlU4P2ipiS-4elbnsfNd4YnI2NySxuC&trigger_source=serp,Jora (Playwright),data analyst
Data Analyst,IT Alliance,Sydney NSW,Posted 6d ago,,Data Analyst,https://au.jora.com/job/Data-Analyst-17dbc367b42c9b42568df09fd1d6758c?abstract_type=extended_llm&disallow=true&fsv=true&sl=Sydney&sol_key=4a3420a13ed0a0e2a462103c9222ee58&sp=serp&sponsored=false&sq=data+analyst&sr=14&tk=zJfmYWCRxeQlU4P2ipiS-4elbnsfNd4YnI2NySxuC&trigger_source=serp,Jora (Playwright),data analyst
Data Buisness Analyst,Randstad Sourceright,Sydney CBD NSW,Posted 5d ago,,Data Buisness Analyst,https://au.jora.com/job/Data-Buisness-Analyst-10d752e39e3298435f677a1d215e9c87?abstract_type=extended_llm&disallow=true&fsv=true&sl=Sydney&sol_key=d43757fb4f2b213a20aa5c177df716e2&sp=serp&sponsored=false&sq=data+analyst&sr=15&tk=zJfmYWCRxeQlU4P2ipiS-4elbnsfNd4YnI2NySxuC&trigger_source=serp,Jora (Playwright),data analyst
Data Analyst - HR,Buddi Ltd,Sydney CBD NSW,Posted 10h ago,,Data Analyst - HR,https://au.jora.com/job/Data-Analyst-HR-0a6b38d5a98da60d7391c24f4a74d01e?abstract_type=extended_llm&disallow=true&fsv=true&sl=Sydney&sol_key=24bb20cb1de633a89bd7a27c4c544432&sp=serp&sponsored=false&sq=data+analyst&sr=16&tk=v_QPmBF8PWLX7kmI9ZEL-vPGaeq8mOsvrML33dLgd&trigger_source=serp,Jora (Playwright),data analyst
CRM Analytics Intern,EssilorLuxottica,North Sydney NSW,Posted 1d ago,,CRM Analytics Intern,https://au.jora.com/job/CRM-Analytics-Intern-c2409a499fb37ab57a6742246862a589?abstract_type=extended_llm&disallow=true&fsv=true&sl=Sydney&sol_key=40456451fd7732afa68cc6519daf060c&sp=serp&sponsored=false&sq=data+analyst&sr=17&tk=v_QPmBF8PWLX7kmI9ZEL-vPGaeq8mOsvrML33dLgd&trigger_source=serp,Jora (Playwright),data analyst
Insights Analyst,Mane Consulting,Sydney NSW,Posted 3mo ago,,Insights Analyst,https://au.jora.com/job/Insights-Analyst-4865cfc3edb9231edfe785fcfa1e2012?abstract_type=extended_llm&disallow=true&fsv=true&sl=Sydney&sol_key=8f6a2547943a1ecb2d7855660aa6d3fe&sp=sserp&sponsored=true&sq=data+analyst&sr=18&tk=v_QPmBF8PWLX7kmI9ZEL-vPGaeq8mOsvrML33dLgd&trigger_source=serp,Jora (Playwright),data analyst
Investment Data Analyst,Hawksworth Consulting,Sydney CBD NSW,Posted 8d ago,,Investment Data Analyst,https://au.jora.com/job/Investment-Data-Analyst-c6c2b6d22a65b8560078539844c87e86?abstract_type=extended_llm&disallow=true&fsv=true&sl=Sydney&sol_key=0fc788ee35f9ec6b65614e39b368deb9&sp=serp&sponsored=false&sq=data+analyst&sr=20&tk=v_QPmBF8PWLX7kmI9ZEL-vPGaeq8mOsvrML33dLgd&trigger_source=serp,Jora (Playwright),data analyst
Business Intelligence Analyst,Red Bull,Sydney NSW,Posted 4d ago,,Business Intelligence Analyst,https://au.jora.com/job/Business-Intelligence-Analyst-7a4e5668094a0cce5d5a669af02dc447?abstract_type=extended_llm&disallow=true&fsv=true&sl=Sydney&sol_key=eda54840d1a786dc133b833b22528ab8&sp=serp&sponsored=false&sq=data+analyst&sr=21&tk=v_QPmBF8PWLX7kmI9ZEL-vPGaeq8mOsvrML33dLgd&trigger_source=serp,Jora (Playwright),data analyst
Data Analyst,Aussie Founders Club,Sydney NSW,Posted 20d ago,,Data Analyst,https://au.jora.com/job/Data-Analyst-351b6db504211b1e70dd00f32ffd7c18?abstract_type=extended_llm&disallow=true&fsv=true&sl=Sydney&sol_key=88da6ff02a27ca6ea46c61e505f504e1&sp=serp&sponsored=false&sq=data+analyst&sr=22&tk=v_QPmBF8PWLX7kmI9ZEL-vPGaeq8mOsvrML33dLgd&trigger_source=serp,Jora (Playwright),data analyst
Senior Data Quality Specialist,Talenza,Sydney NSW,Posted 22h ago,,Senior Data Quality Specialist,https://au.jora.com/job/Quality-Specialist-14d068885c05ad70df8d5d7e62dd9df4?abstract_type=extended_llm&disallow=true&fsv=true&sl=Sydney&sol_key=994488f03ba5dea8622a3c1556b59753&sp=sserp&sponsored=true&sq=data+analyst&sr=23&tk=v_QPmBF8PWLX7kmI9ZEL-vPGaeq8mOsvrML33dLgd&trigger_source=serp,Jora (Playwright),data analyst
Junior Data Analyst- Power Bi,LVT People,Sydney NSW,Posted 9d ago,,Junior Data Analyst- Power Bi,https://au.jora.com/job/Data-Analyst-cd3b368dab0ba58a39a28b2e40a4e432?abstract_type=extended_llm&disallow=true&fsv=true&sl=Sydney&sol_key=e7e0e518658c72f0c0654073953e9d10&sp=serp&sponsored=false&sq=data+analyst&sr=24&tk=v_QPmBF8PWLX7kmI9ZEL-vPGaeq8mOsvrML33dLgd&trigger_source=serp,Jora (Playwright),data analyst
Data Management Analyst,Randstad Sourceright,Sydney CBD NSW,Posted 8d ago,,Data Management Analyst,https://au.jora.com/job/Data-Management-Analyst-74d6ac4aad6d2c8b01aaae1f291b9c9d?abstract_type=extended_llm&disallow=true&fsv=true&sl=Sydney&sol_key=4d7636053b349b7f15ff3aa9ccc2667a&sp=serp&sponsored=false&sq=data+analyst&sr=25&tk=v_QPmBF8PWLX7kmI9ZEL-vPGaeq8mOsvrML33dLgd&trigger_source=serp,Jora (Playwright),data analyst
RGM Analyst,Kenvue,Sydney NSW,Posted 1d ago,,RGM Analyst,https://au.jora.com/job/Analyst-6c273c3eedfea9f58f79249f43b75bb1?abstract_type=original&disallow=true&fsv=true&sl=Sydney&sol_key=b7ca29561c3b476019f836c02b548d88&sp=sserp&sponsored=true&sq=data+analyst&sr=26&tk=v_QPmBF8PWLX7kmI9ZEL-vPGaeq8mOsvrML33dLgd&trigger_source=serp,Jora (Playwright),data analyst
Tech Data BA,FourQuarters Recruitment,Sydney NSW,Posted 1d ago,,Tech Data BA,https://au.jora.com/job/Tech-Data-BA-0d9b73ab1ed26818fd5199b9f4182f70?abstract_type=extended_llm&disallow=true&fsv=true&sl=Sydney&sol_key=15a66223c56d2ddaa84dd3dd4353ef82&sp=sserp&sponsored=true&sq=data+analyst&sr=27&tk=v_QPmBF8PWLX7kmI9ZEL-vPGaeq8mOsvrML33dLgd&trigger_source=serp,Jora (Playwright),data analyst
Data Analyst,Hays Recruitment,Sydney NSW,Posted 8d ago,,Data Analyst,https://au.jora.com/job/Data-Analyst-25c5075d0139035aeb8cde7b2d7d378d?abstract_type=extended_llm&disallow=true&fsv=true&sl=Sydney&sol_key=b684dce98f7182b475e777bf0f4803ea&sp=sserp&sponsored=true&sq=data+analyst&sr=28&tk=v_QPmBF8PWLX7kmI9ZEL-vPGaeq8mOsvrML33dLgd&trigger_source=serp,Jora (Playwright),data analyst
Data Scientist,Mane Consulting,Sydney NSW,Posted 3mo ago,,Data Scientist,https://au.jora.com/job/Data-Scientist-e77456218339dbeb1e87440e196b153c?abstract_type=extended_llm&disallow=true&fsv=true&sl=Sydney&sol_key=d8f20afc0c1b2ef5bff43f0f7939c65d&sp=sserp&sponsored=true&sq=data+analyst&sr=30&tk=v_QPmBF8PWLX7kmI9ZEL-vPGaeq8mOsvrML33dLgd&trigger_source=serp,Jora (Playwright),data analyst
Data Reporting Analyst,PRA,Sydney NSW,Posted 21d ago,,Data Reporting Analyst,https://au.jora.com/job/Data-Reporting-Analyst-94cde86929db548936f9718c9be0abd6?abstract_type=extended_llm&disallow=true&fsv=true&sl=Sydney&sol_key=c0e4cdac25618809a2999075ab1fe48c&sp=sserp&sponsored=true&sq=data+analyst&sr=31&tk=bFeUeOEsI5DTNhSn_yKJ-Q_tEn11Gv2cuT66TxZZZ&trigger_source=serp,Jora (Playwright),data analyst
Impact Data Analyst,University of New South Wales,Sydney NSW,Posted 12d ago,,Impact Data Analyst,https://au.jora.com/job/Data-Analyst-84a3d9a2a85c6ba4532aea982dd393a1?abstract_type=extended_llm&disallow=true&fsv=true&sl=Sydney&sol_key=17ca5220a7c323e8c68635685c8dcae1&sp=serp&sponsored=false&sq=data+analyst&sr=32&tk=bFeUeOEsI5DTNhSn_yKJ-Q_tEn11Gv2cuT66TxZZZ&trigger_source=serp,Jora (Playwright),data analyst
Commercial Data Analyst (Retail),Ampol Limited,Alexandria NSW,Posted 19h ago,,Commercial Data Analyst (Retail),https://au.jora.com/job/Data-Analyst-bd37362f3d9079a9c584617c95c9e63f?abstract_type=extended_llm&disallow=true&fsv=true&sl=Sydney&sol_key=db6e40fdf2df64e9c7efb7fa71fcfeb5&sp=serp&sponsored=false&sq=data+analyst&sr=33&tk=bFeUeOEsI5DTNhSn_yKJ-Q_tEn11Gv2cuT66TxZZZ&trigger_source=serp,Jora (Playwright),data analyst
Analyst – Economics & Data Analytics,WSP,Sydney CBD NSW,Posted 8d ago,,Analyst – Economics & Data Analytics,https://au.jora.com/job/Analyst-09e27d7268503353908dc7337b2d76c2?abstract_type=extended_llm&disallow=true&fsv=true&sl=Sydney&sol_key=0e8e8d6183656819baa8687b5f355911&sp=serp&sponsored=false&sq=data+analyst&sr=34&tk=bFeUeOEsI5DTNhSn_yKJ-Q_tEn11Gv2cuT66TxZZZ&trigger_source=serp,Jora (Playwright),data analyst
Rankings Analyst,UTS,Broadway NSW,Posted 6h ago,,Rankings Analyst,https://au.jora.com/job/Analyst-a9c4140b9495b96e48ea4586db166f95?abstract_type=extended_llm&disallow=true&fsv=true&sl=Sydney&sol_key=c4420288e33aa75baefb696cef38501f&sp=serp&sponsored=false&sq=data+analyst&sr=35&tk=bFeUeOEsI5DTNhSn_yKJ-Q_tEn11Gv2cuT66TxZZZ&trigger_source=serp,Jora (Playwright),data analyst
Schedule and Data Analyst [ Sydney],dnata catering,Sydney NSW,Posted 3mo ago,,Schedule and Data Analyst [ Sydney],https://au.jora.com/job/Data-Analyst-9c99b802f62a53127f16bdd0090bb993?abstract_type=extended_llm&disallow=true&fsv=true&sl=Sydney&sol_key=858307d9a02cea322cf07ba4819b59c2&sp=serp&sponsored=false&sq=data+analyst&sr=36&tk=bFeUeOEsI5DTNhSn_yKJ-Q_tEn11Gv2cuT66TxZZZ&trigger_source=serp,Jora (Playwright),data analyst
Senior Data Analyst (AI Compliance),Binance,Sydney NSW,Posted 16d ago,,Senior Data Analyst (AI Compliance),https://au.jora.com/job/Data-Analyst-16653fafb08c8b70b19b8a7017c99802?abstract_type=extended_llm&disallow=true&fsv=true&sl=Sydney&sol_key=c90c906785d6715a8363adf99395c3a7&sp=serp&sponsored=false&sq=data+analyst&sr=37&tk=bFeUeOEsI5DTNhSn_yKJ-Q_tEn11Gv2cuT66TxZZZ&trigger_source=serp,Jora (Playwright),data analyst
Business Intelligence Developer,Robert Half,Sydney CBD NSW,Posted 6d ago,,Business Intelligence Developer,https://au.jora.com/job/Business-Intelligence-Developer-6c5d975a82c200e579e93ffb01f81a12?abstract_type=extended_llm&disallow=true&fsv=true&sl=Sydney&sol_key=772b9b2377eb322939f6bf534f6c3abf&sp=sserp&sponsored=true&sq=data+analyst&sr=38&tk=bFeUeOEsI5DTNhSn_yKJ-Q_tEn11Gv2cuT66TxZZZ&trigger_source=serp,Jora (Playwright),data analyst
"Data Analyst - SQL, Python, Microsoft Fabric (Data Engineering Focus)",Blake Oliver,Sydney NSW,Posted 18d ago,,"Data Analyst - SQL, Python, Microsoft Fabric (Data Engineering Focus)",https://au.jora.com/job/Data-Analyst-3d8b8c1612c71ff968701e37b923e1a4?abstract_type=extended_llm&disallow=true&fsv=true&sl=Sydney&sol_key=f1175d574052686d69a886c6ab729f42&sp=sserp&sponsored=true&sq=data+analyst&sr=39&tk=bFeUeOEsI5DTNhSn_yKJ-Q_tEn11Gv2cuT66TxZZZ&trigger_source=serp,Jora (Playwright),data analyst
Data Analyst - SQL & Power BI,The HR Ally,Sydney NSW,Posted 14d ago,,Data Analyst - SQL & Power BI,https://au.jora.com/job/Data-Analyst-762e1dfd4b1ffe88e0afee214527b33e?abstract_type=extended_llm&disallow=true&fsv=true&sl=Sydney&sol_key=805d4bb2b3fe44d7199c311cf938907a&sp=serp&sponsored=false&sq=data+analyst&sr=40&tk=bFeUeOEsI5DTNhSn_yKJ-Q_tEn11Gv2cuT66TxZZZ&trigger_source=serp,Jora (Playwright),data analyst
Commercial / Estimation Analyst,Ventia,North Sydney NSW,Posted 17h ago,,Commercial / Estimation Analyst,https://au.jora.com/job/Analyst-afdfa872f55b1a2da65c41a9ead2fad6?abstract_type=extended_llm&disallow=true&fsv=true&sl=Sydney&sol_key=606ab58f06262c8fa47ba8eaedb5a604&sp=serp&sponsored=false&sq=data+analyst&sr=41&tk=bFeUeOEsI5DTNhSn_yKJ-Q_tEn11Gv2cuT66TxZZZ&trigger_source=serp,Jora (Playwright),data analyst
"Business Process Analyst: Core and Data, TRELLiS",RACP,Sydney CBD NSW,Posted 20h ago,,"Business Process Analyst: Core and Data, TRELLiS",https://au.jora.com/job/Business-Process-Analyst-ec901f91df4accbdcd3f90a024c494dc?abstract_type=original&disallow=true&fsv=true&sl=Sydney&sol_key=7fc43dedcd8e7bda696eb5d1b1530625&sp=serp&sponsored=false&sq=data+analyst&sr=42&tk=bFeUeOEsI5DTNhSn_yKJ-Q_tEn11Gv2cuT66TxZZZ&trigger_source=serp,Jora (Playwright),data analyst
"Senior Statistician, Analytics and Insights",NSW Health,St Leonards NSW,Posted 3h ago,,"Senior Statistician, Analytics and Insights",https://au.jora.com/job/Statistician-bdf7d6ecb8b45fbcc0f5a5230a7e1d86?abstract_type=extended_llm&disallow=true&fsv=true&sl=Sydney&sol_key=583b37a9efd922243964f62f1d9e6df5&sp=serp&sponsored=false&sq=data+analyst&sr=43&tk=bFeUeOEsI5DTNhSn_yKJ-Q_tEn11Gv2cuT66TxZZZ&trigger_source=serp,Jora (Playwright),data analyst
"Data Analyst - SQL, Python, Microsoft Fabric",Tarkine Consulting Group,Sydney NSW,Posted 9d ago,,"Data Analyst - SQL, Python, Microsoft Fabric",https://au.jora.com/job/Data-Analyst-b196ec4c3d8e50b667515dc1deb2048b?abstract_type=extended_llm&disallow=true&fsv=true&sl=Sydney&sol_key=6a648627352fbfbdea8ab7c936b55343&sp=serp&sponsored=false&sq=data+analyst&sr=44&tk=bFeUeOEsI5DTNhSn_yKJ-Q_tEn11Gv2cuT66TxZZZ&trigger_source=serp,Jora (Playwright),data analyst
"Data Analyst, Business Analytics",Herbert Smith Freehills,Sydney CBD NSW,Posted 19d ago,,"Data Analyst, Business Analytics",https://au.jora.com/job/Data-Analyst-895683069f117471127fb7fb5c653adb?abstract_type=extended_llm&disallow=true&fsv=true&sl=Sydney&sol_key=b528b2ef02b98a6562af69fd9c011ad2&sp=serp&sponsored=false&sq=data+analyst&sr=45&tk=bFeUeOEsI5DTNhSn_yKJ-Q_tEn11Gv2cuT66TxZZZ&trigger_source=serp,Jora (Playwright),data analyst
Business Analyst,Fujitsu,Sydney NSW,Posted 4d ago,,Business Analyst,https://au.jora.com/job/Business-Analyst-e5d8a925af424b23b6f417e73d3be1ea?abstract_type=extended_llm&disallow=true&fsv=true&sl=Sydney&sol_key=70fbcd66b92cf468a7e5c92b51a89641&sp=serp&sponsored=false&sq=business+analyst&sr=1&tk=MGXPFyb2ak6LPN9R0SV9-1AzrRp5eQ0j5oxiZLCG_&trigger_source=serp,Jora (Playwright),business analyst
2027 RBA Payments Settlements Graduate Program - Business Analyst Specialisation,Reserve Bank of Australia,Sydney NSW,Posted 17h ago,,2027 RBA Payments Settlements Graduate Program - Business Analyst Specialisation,https://au.jora.com/job/Business-Analyst-57e6b3771807ddcdb2b51530fa68dd85?abstract_type=extended_llm&disallow=true&fsv=true&sl=Sydney&sol_key=5cf4e18c7868c03b493c90f0fb221ed1&sp=serp&sponsored=false&sq=business+analyst&sr=2&tk=MGXPFyb2ak6LPN9R0SV9-1AzrRp5eQ0j5oxiZLCG_&trigger_source=serp,Jora (Playwright),business analyst
ServiceNow Business Analyst,Robert Walters,Sydney CBD NSW,Posted 23h ago,,ServiceNow Business Analyst,https://au.jora.com/job/ServiceNow-Business-Analyst-2c6dadb6b53ed5d8a07add1f7762cfae?abstract_type=extended_llm&disallow=true&fsv=true&sl=Sydney&sol_key=117fe7c02ba6baba98d7688ed6c446a1&sp=serp&sponsored=false&sq=business+analyst&sr=3&tk=MGXPFyb2ak6LPN9R0SV9-1AzrRp5eQ0j5oxiZLCG_&trigger_source=serp,Jora (Playwright),business analyst
Digital Business Analyst,Fantastic furniture,Sydney NSW,Posted 1d ago,,Digital Business Analyst,https://au.jora.com/job/Digital-Business-Analyst-2af2bc0b39e5bf937b542a110be14322?abstract_type=extended_llm&disallow=true&fsv=true&sl=Sydney&sol_key=d9de64b05284fec4bb478c95654823fd&sp=serp&sponsored=false&sq=business+analyst&sr=4&tk=MGXPFyb2ak6LPN9R0SV9-1AzrRp5eQ0j5oxiZLCG_&trigger_source=serp,Jora (Playwright),business analyst
Senior Business Analyst,IBC Recruitment,Sydney CBD NSW,Posted 5h ago,,Senior Business Analyst,https://au.jora.com/job/Business-Analyst-004ff42b2d9d83ae041165ec1365d5b4?abstract_type=extended_llm&disallow=true&fsv=true&sl=Sydney&sol_key=eebde1d339026bc383df7bd387b96058&sp=serp&sponsored=false&sq=business+analyst&sr=5&tk=MGXPFyb2ak6LPN9R0SV9-1AzrRp5eQ0j5oxiZLCG_&trigger_source=serp,Jora (Playwright),business analyst
Business Analyst,Plenti,Sydney CBD NSW,Posted 6d ago,,Business Analyst,https://au.jora.com/job/Business-Analyst-cc06d91cf1c1d22a94ea919e592f972d?abstract_type=extended_llm&disallow=true&fsv=true&sl=Sydney&sol_key=96ebfdcfd1f3e5648be2676b161ec420&sp=serp&sponsored=false&sq=business+analyst&sr=6&tk=MGXPFyb2ak6LPN9R0SV9-1AzrRp5eQ0j5oxiZLCG_&trigger_source=serp,Jora (Playwright),business analyst
Business Analyst,Globus family of brands,Sydney CBD NSW,Posted 4h ago,,Business Analyst,https://au.jora.com/job/Business-Analyst-4f9376b177d57dbed9a56314751db5e9?abstract_type=extended_llm&disallow=true&fsv=true&sl=Sydney&sol_key=29197940cbe72f93bb2668587ada3212&sp=serp&sponsored=false&sq=business+analyst&sr=7&tk=MGXPFyb2ak6LPN9R0SV9-1AzrRp5eQ0j5oxiZLCG_&trigger_source=serp,Jora (Playwright),business analyst
Graduate Business Analyst - Claims (Feb 2026),TAL,Sydney NSW,Posted 22d ago,,Graduate Business Analyst - Claims (Feb 2026),https://au.jora.com/job/Business-Analyst-393b8e13967ee93e59af20f8d2ca6b08?abstract_type=extended_llm&disallow=true&fsv=true&sl=Sydney&sol_key=a75339afe426dabbb9c01a170f8a49c3&sp=serp&sponsored=false&sq=business+analyst&sr=8&tk=MGXPFyb2ak6LPN9R0SV9-1AzrRp5eQ0j5oxiZLCG_&trigger_source=serp,Jora (Playwright),business analyst
Business Analyst,eTeam,Sydney NSW,Posted 6d ago,,Business Analyst,https://au.jora.com/job/Business-Analyst-2608b0f476de549f9a496a58a864895f?abstract_type=extended_llm&disallow=true&fsv=true&sl=Sydney&sol_key=bd1a7046f8fae219be61f4d223875d08&sp=serp&sponsored=false&sq=business+analyst&sr=9&tk=MGXPFyb2ak6LPN9R0SV9-1AzrRp5eQ0j5oxiZLCG_&trigger_source=serp,Jora (Playwright),business analyst
Senior Business Analyst,Evolution Recruitment Solutions,Sydney CBD NSW,Posted 1d ago,,Senior Business Analyst,https://au.jora.com/job/Business-Analyst-6aa9ee6029910d797e9992bba1d7fd39?abstract_type=extended_llm&disallow=true&fsv=true&sl=Sydney&sol_key=5e25281660cb273d2efb116a5a856b54&sp=serp&sponsored=false&sq=business+analyst&sr=10&tk=MGXPFyb2ak6LPN9R0SV9-1AzrRp5eQ0j5oxiZLCG_&trigger_source=serp,Jora (Playwright),business analyst
Business Analyst,Accenture,Sydney NSW,Posted 7d ago,,Business Analyst,https://au.jora.com/job/Business-Analyst-373455b9e2bbd94f70c69047e5e0bdee?abstract_type=extended_llm&disallow=true&fsv=true&sl=Sydney&sol_key=fe525b03d9c8835b8930c90d4be9729c&sp=sserp&sponsored=true&sq=business+analyst&sr=11&tk=MGXPFyb2ak6LPN9R0SV9-1AzrRp5eQ0j5oxiZLCG_&trigger_source=serp,Jora (Playwright),business analyst
CX Business Analyst – Speech & Text Analytics,NTT,Sydney CBD NSW,Posted 1d ago,,CX Business Analyst – Speech & Text Analytics,https://au.jora.com/job/Business-Analyst-aca94dd78bd18d9e4faee122650cd817?abstract_type=extended_llm&disallow=true&fsv=true&sl=Sydney&sol_key=f1a4854eccf97260f35268504313ea09&sp=serp&sponsored=false&sq=business+analyst&sr=12&tk=MGXPFyb2ak6LPN9R0SV9-1AzrRp5eQ0j5oxiZLCG_&trigger_source=serp,Jora (Playwright),business analyst
Business Analyst FP&A,Hays Recruitment,Sydney CBD NSW,Posted 17h ago,,Business Analyst FP&A,https://au.jora.com/job/Business-Analyst-FP-e5544e7a4c7b9961967ebd06433ebb15?abstract_type=extended_llm&disallow=true&fsv=true&sl=Sydney&sol_key=a7a789219177d2d3498c6c64e1f13dc6&sp=serp&sponsored=false&sq=business+analyst&sr=13&tk=MGXPFyb2ak6LPN9R0SV9-1AzrRp5eQ0j5oxiZLCG_&trigger_source=serp,Jora (Playwright),business analyst
Business Analyst - Legal,Excolo,Sydney NSW,Posted 5d ago,,Business Analyst - Legal,https://au.jora.com/job/Business-Analyst-54ec5b0863018c475274e714fa17d5d6?abstract_type=extended_llm&disallow=true&fsv=true&sl=Sydney&sol_key=47f2fce3d8c0c4aaa2fe3a21bcd5128d&sp=sserp&sponsored=true&sq=business+analyst&sr=14&tk=MGXPFyb2ak6LPN9R0SV9-1AzrRp5eQ0j5oxiZLCG_&trigger_source=serp,Jora (Playwright),business analyst
Senior Business Analyst - Talent Acquisition Project,Talenza,Sydney CBD NSW,Posted 1h ago,,Senior Business Analyst - Talent Acquisition Project,https://au.jora.com/job/Business-Analyst-ec17b30268ba63b6dfcd03949b7dfb91?abstract_type=original&disallow=true&fsv=true&sl=Sydney&sol_key=f67d614905636120920463ad9c15e2e7&sp=serp&sponsored=false&sq=business+analyst&sr=15&tk=MGXPFyb2ak6LPN9R0SV9-1AzrRp5eQ0j5oxiZLCG_&trigger_source=serp,Jora (Playwright),business analyst
Business Process Analyst - $130k $150k + super,Reo Group,Sydney NSW,Posted 6d ago,,Business Process Analyst - $130k $150k + super,https://au.jora.com/job/Business-Process-Analyst-54467033919d4ff800341007f6dce467?abstract_type=extended_llm&disallow=true&fsv=true&sl=Sydney&sol_key=e473321e2f164edc2c19cffefb8595c2&sp=sserp&sponsored=true&sq=business+analyst&sr=16&tk=4K20fVOLkgZFAxHt_EH6-djlwP9iHzrWMHFQiMTXp&trigger_source=serp,Jora (Playwright),business analyst
Business Analyst Sydney,Moet Hennessy,Sydney NSW,Posted 7d ago,,Business Analyst Sydney,https://au.jora.com/job/Business-Analyst-721da09172ecab99ba513b6daa47d492?abstract_type=extended_llm&disallow=true&fsv=true&sl=Sydney&sol_key=98d15291dc800f917f412043cef6272a&sp=serp&sponsored=false&sq=business+analyst&sr=17&tk=4K20fVOLkgZFAxHt_EH6-djlwP9iHzrWMHFQiMTXp&trigger_source=serp,Jora (Playwright),business analyst
Senior Business Analyst,Interpro People,Sydney NSW,Posted 4d ago,,Senior Business Analyst,https://au.jora.com/job/Business-Analyst-01cfb183c4fba060fbec4009434f747a?abstract_type=extended_llm&disallow=true&fsv=true&sl=Sydney&sol_key=04fd55894e2e9a59835f7c0603eea5d3&sp=sserp&sponsored=true&sq=business+analyst&sr=18&tk=4K20fVOLkgZFAxHt_EH6-djlwP9iHzrWMHFQiMTXp&trigger_source=serp,Jora (Playwright),business analyst
Junior Technical Business Analyst,Finity Consulting,Sydney CBD NSW,Posted 1d ago,,Junior Technical Business Analyst,https://au.jora.com/job/Technical-Business-Analyst-e194a68234a5c6c4c8cf05da4db70456?abstract_type=extended_llm&disallow=true&fsv=true&sl=Sydney&sol_key=c0e5f0bcb451b411f9260a149d268406&sp=serp&sponsored=false&sq=business+analyst&sr=19&tk=4K20fVOLkgZFAxHt_EH6-djlwP9iHzrWMHFQiMTXp&trigger_source=serp,Jora (Playwright),business analyst
Senior Business Analyst,eTeam,Sydney NSW,Posted 28m ago,,Senior Business Analyst,https://au.jora.com/job/Business-Analyst-14a8239a40f81399dbc60e1cdce35d02?abstract_type=extended_llm&disallow=true&fsv=true&sl=Sydney&sol_key=1b8ef7ca2ed2c42f1b4964311f45ee0f&sp=serp&sponsored=false&sq=business+analyst&sr=20&tk=4K20fVOLkgZFAxHt_EH6-djlwP9iHzrWMHFQiMTXp&trigger_source=serp,Jora (Playwright),business analyst
Business Analyst,MPG Corporation,Sydney CBD NSW,Posted 8d ago,,Business Analyst,https://au.jora.com/job/Business-Analyst-9a311229eaa382aa268b309f8e7f19f6?abstract_type=extended_llm&disallow=true&fsv=true&sl=Sydney&sol_key=1e51b24a4982cf50664ff26df2474b13&sp=sserp&sponsored=true&sq=business+analyst&sr=21&tk=4K20fVOLkgZFAxHt_EH6-djlwP9iHzrWMHFQiMTXp&trigger_source=serp,Jora (Playwright),business analyst
Business Analyst,HSBC,Sydney NSW,Posted 8d ago,,Business Analyst,https://au.jora.com/job/Business-Analyst-cab6e860fcf09299c603089e7d885c38?abstract_type=extended_llm&disallow=true&fsv=true&sl=Sydney&sol_key=eb987957ddfe6cd0b8f76066266de3e4&sp=serp&sponsored=false&sq=business+analyst&sr=22&tk=4K20fVOLkgZFAxHt_EH6-djlwP9iHzrWMHFQiMTXp&trigger_source=serp,Jora (Playwright),business analyst
Business Analyst,Globalsonics Research Pty Ltd,Riverview NSW,Posted 7d ago,,Business Analyst,https://au.jora.com/job/Business-Analyst-7999bf9223f366f92f9149934cd61e8d?abstract_type=extended_llm&disallow=true&fsv=true&sl=Sydney&sol_key=0485af33db2bfaf432c4f55f97919df2&sp=sserp&sponsored=true&sq=business+analyst&sr=23&tk=4K20fVOLkgZFAxHt_EH6-djlwP9iHzrWMHFQiMTXp&trigger_source=serp,Jora (Playwright),business analyst
Chief of Staff to CFO - Business Analyst / Commercial Analyst,Insight Resourcing,Sydney NSW,Posted 29d ago,,Chief of Staff to CFO - Business Analyst / Commercial Analyst,https://au.jora.com/job/Commercial-Analyst-57847121e909aed6c489c6ab661d30e6?abstract_type=extended_llm&disallow=true&fsv=true&sl=Sydney&sol_key=e8ff21cdfd7003386cb25482a1f5d276&sp=sserp&sponsored=true&sq=business+analyst&sr=24&tk=4K20fVOLkgZFAxHt_EH6-djlwP9iHzrWMHFQiMTXp&trigger_source=serp,Jora (Playwright),business analyst
EL1 Business Analyst,onpoint 365,Sydney NSW,Posted 6d ago,,EL1 Business Analyst,https://au.jora.com/job/Business-Analyst-1adef98ccf88ec7777cb8c25c14ee5f4?abstract_type=extended_llm&disallow=true&fsv=true&sl=Sydney&sol_key=4bfb2debdc0708806e22ac38695553d9&sp=sserp&sponsored=true&sq=business+analyst&sr=26&tk=4K20fVOLkgZFAxHt_EH6-djlwP9iHzrWMHFQiMTXp&trigger_source=serp,Jora (Playwright),business analyst
Senior Business Analyst – Financial Core Systems,AMARSOFT PTY LTD,Sydney CBD NSW,Posted 1d ago,,Senior Business Analyst – Financial Core Systems,https://au.jora.com/job/Senior-Business-Analyst-6eba9190f7cefc268bd5dc71216a8174?abstract_type=extended_llm&disallow=true&fsv=true&sl=Sydney&sol_key=cd5b7672d3038f31514ed521c55646a9&sp=serp&sponsored=false&sq=business+analyst&sr=28&tk=4K20fVOLkgZFAxHt_EH6-djlwP9iHzrWMHFQiMTXp&trigger_source=serp,Jora (Playwright),business analyst
Senior Business Analyst,ING,Sydney NSW,Posted 8d ago,,Senior Business Analyst,https://au.jora.com/job/Business-Analyst-dba1c3705e9524ee7cd3fdc4cb1e93d3?abstract_type=extended_llm&disallow=true&fsv=true&sl=Sydney&sol_key=6d915da738c73d7f12d72a8e48ba492b&sp=sserp&sponsored=true&sq=business+analyst&sr=29&tk=4K20fVOLkgZFAxHt_EH6-djlwP9iHzrWMHFQiMTXp&trigger_source=serp,Jora (Playwright),business analyst
Identity Access Management IAM Technical Business Analyst - IAM Business Analyst,Infinity Pro,Sydney NSW,Posted 5d ago,,Identity Access Management IAM Technical Business Analyst - IAM Business Analyst,https://au.jora.com/job/Technical-Business-Analyst-a3a1252b70e2da4ca755052e3ad6cbe7?abstract_type=extended_llm&disallow=true&fsv=true&sl=Sydney&sol_key=0ef60bd4b3a63d46b8b95ce7c4ac843b&sp=sserp&sponsored=true&sq=business+analyst&sr=30&tk=4K20fVOLkgZFAxHt_EH6-djlwP9iHzrWMHFQiMTXp&trigger_source=serp,Jora (Playwright),business analyst
Cyber Security Business Analyst,Talenza,McMahons Point NSW,Posted 1d ago,,Cyber Security Business Analyst,https://au.jora.com/job/Cyber-Security-Business-Analyst-7f1afa39a74d093b62c96954a4a399f0?abstract_type=extended_llm&disallow=true&fsv=true&sl=Sydney&sol_key=0f35ee2b566aecba19b2d9d35ab32d8a&sp=sserp&sponsored=true&sq=business+analyst&sr=31&tk=C_1KcpYNaleetVbZEp1l-iVanQo4f1YhtEMZSOZRc&trigger_source=serp,Jora (Playwright),business analyst
ICT Business Analyst,CGL - Retail Services,Sydney NSW,Posted 6d ago,,ICT Business Analyst,https://au.jora.com/job/ICT-Business-Analyst-ea25b5c3eeafa2913a56037105f81637?abstract_type=extended_llm&disallow=true&fsv=true&sl=Sydney&sol_key=33de94ad2003c29fa42d27fee8995312&sp=serp&sponsored=false&sq=business+analyst&sr=32&tk=C_1KcpYNaleetVbZEp1l-iVanQo4f1YhtEMZSOZRc&trigger_source=serp,Jora (Playwright),business analyst
Senior Business Analyst - Energy Trading,Precision Sourcing,Sydney NSW,Posted 5d ago,,Senior Business Analyst - Energy Trading,https://au.jora.com/job/Business-Analyst-aeb12b3782f525486be713e199f8295b?abstract_type=extended_llm&disallow=true&fsv=true&sl=Sydney&sol_key=7487f2b1776ec9f24b4a7bea667347f0&sp=sserp&sponsored=true&sq=business+analyst&sr=33&tk=C_1KcpYNaleetVbZEp1l-iVanQo4f1YhtEMZSOZRc&trigger_source=serp,Jora (Playwright),business analyst
Senior Business Analyst,Recruitment Hive,Surry Hills NSW,Posted 4d ago,,Senior Business Analyst,https://au.jora.com/job/Business-Analyst-e015f08d38851c8373e1b721f3833b15?abstract_type=extended_llm&disallow=true&fsv=true&sl=Sydney&sol_key=76b5dc9cebf1ea481d0a0145988584c4&sp=serp&sponsored=false&sq=business+analyst&sr=34&tk=C_1KcpYNaleetVbZEp1l-iVanQo4f1YhtEMZSOZRc&trigger_source=serp,Jora (Playwright),business analyst
Business Analyst,Salt,Sydney NSW,Posted 11d ago,,Business Analyst,https://au.jora.com/job/Business-Analyst-325bb2f12fd71b984053fd5906163f1d?abstract_type=extended_llm&disallow=true&fsv=true&sl=Sydney&sol_key=d6278f524db7947aa900b0aa6a36a9e2&sp=sserp&sponsored=true&sq=business+analyst&sr=35&tk=C_1KcpYNaleetVbZEp1l-iVanQo4f1YhtEMZSOZRc&trigger_source=serp,Jora (Playwright),business analyst
Business Analyst,TAL,Sydney NSW,Posted 12h ago,,Business Analyst,https://au.jora.com/job/Business-Analyst-af2e05e9fbeda544b307010e2ab01ad4?abstract_type=original&disallow=true&fsv=true&sl=Sydney&sol_key=49b144ca2d0e25d00a2a324201f3a955&sp=serp&sponsored=false&sq=business+analyst&sr=36&tk=C_1KcpYNaleetVbZEp1l-iVanQo4f1YhtEMZSOZRc&trigger_source=serp,Jora (Playwright),business analyst
Technical Business Analyst - Solution Design,Precision Sourcing,Sydney NSW,Posted 3mo ago,,Technical Business Analyst - Solution Design,https://au.jora.com/job/Technical-Business-Analyst-ab1e811bbd2ec34ba0a5f8d4a940122d?abstract_type=extended_llm&disallow=true&fsv=true&sl=Sydney&sol_key=7f511346693ec222685a3ad8f0104e67&sp=sserp&sponsored=true&sq=business+analyst&sr=37&tk=C_1KcpYNaleetVbZEp1l-iVanQo4f1YhtEMZSOZRc&trigger_source=serp,Jora (Playwright),business analyst
Senior Business Analyst (Darwin),nuAdvisory,Sydney CBD NSW,Posted 5h ago,,Senior Business Analyst (Darwin),https://au.jora.com/job/Business-Analyst-ffee09ef1b734f48a96cea00ea97652a?abstract_type=extended_llm&disallow=true&fsv=true&sl=Sydney&sol_key=7e9536316e5e695378ce22f2e5b35768&sp=serp&sponsored=false&sq=business+analyst&sr=38&tk=C_1KcpYNaleetVbZEp1l-iVanQo4f1YhtEMZSOZRc&trigger_source=serp,Jora (Playwright),business analyst
Senior Business Analyst,Talenza,Sydney NSW,Posted 18d ago,,Senior Business Analyst,https://au.jora.com/job/Business-Analyst-011b156a9f02958d8dbbb80184fea6ce?abstract_type=extended_llm&disallow=true&fsv=true&sl=Sydney&sol_key=d0c7652ad9c6e3091368fdde40a44e26&sp=sserp&sponsored=true&sq=business+analyst&sr=39&tk=C_1KcpYNaleetVbZEp1l-iVanQo4f1YhtEMZSOZRc&trigger_source=serp,Jora (Playwright),business analyst
Business Analyst,Ethos BeathChapman,Sydney NSW,Posted 21h ago,,Business Analyst,https://au.jora.com/job/Business-Analyst-79ba689d37b4bc88d5af4a507f038419?abstract_type=extended_llm&disallow=true&fsv=true&sl=Sydney&sol_key=90bc465184f8c278b72ee2adb6ccb07f&sp=serp&sponsored=false&sq=business+analyst&sr=40&tk=C_1KcpYNaleetVbZEp1l-iVanQo4f1YhtEMZSOZRc&trigger_source=serp,Jora (Playwright),business analyst
Lead Business Analyst,FinXL IT Professional Services,Sydney NSW,Posted 1d ago,,Lead Business Analyst,https://au.jora.com/job/Lead-Business-Analyst-68d4a4a31f3fd62a2082a7967c7765ec?abstract_type=extended_llm&disallow=true&fsv=true&sl=Sydney&sol_key=5e4bcdddd21611e9d4c4a446b93751e8&sp=serp&sponsored=false&sq=business+analyst&sr=41&tk=C_1KcpYNaleetVbZEp1l-iVanQo4f1YhtEMZSOZRc&trigger_source=serp,Jora (Playwright),business analyst
eCommerce Business Analyst / Solutions Consultant,Tryzens Global,Sydney NSW,Posted 1d ago,,eCommerce Business Analyst / Solutions Consultant,https://au.jora.com/job/eCommerce-Business-Analyst-192fb9eb1ed8ac8b478d194cb2f4bc42?abstract_type=extended_llm&disallow=true&fsv=true&sl=Sydney&sol_key=a461363963def45800671670e85aa74e&sp=serp&sponsored=false&sq=business+analyst&sr=42&tk=C_1KcpYNaleetVbZEp1l-iVanQo4f1YhtEMZSOZRc&trigger_source=serp,Jora (Playwright),business analyst
Business Analyst - Banking,Talenza,Sydney NSW,Posted 13d ago,,Business Analyst - Banking,https://au.jora.com/job/Business-Analyst-Banking-ddf698c26e384a82b3464f520febef88?abstract_type=extended_llm&disallow=true&fsv=true&sl=Sydney&sol_key=e7a0f071daf6b2cb4df1bdd55265a39d&sp=sserp&sponsored=true&sq=business+analyst&sr=44&tk=C_1KcpYNaleetVbZEp1l-iVanQo4f1YhtEMZSOZRc&trigger_source=serp,Jora (Playwright),business analyst
Technical Business Analyst - Cyber Security,AAR Consulting Group,Sydney CBD NSW,Posted 7h ago,,Technical Business Analyst - Cyber Security,https://au.jora.com/job/Technical-Business-Analyst-edce643e989562f52fde8c44b8784b44?abstract_type=extended_llm&disallow=true&fsv=true&sl=Sydney&sol_key=541eddb00bdb0893a84f6bc4a23b0717&sp=serp&sponsored=false&sq=business+analyst&sr=45&tk=C_1KcpYNaleetVbZEp1l-iVanQo4f1YhtEMZSOZRc&trigger_source=serp,Jora (Playwright),business analyst
Pricing Analyst,Woolworths Group,Surry Hills NSW,Posted 1d ago,,Pricing Analyst,https://au.jora.com/job/Pricing-Analyst-3dd6168d231bb659a976751fac0ca85e?abstract_type=extended_llm&disallow=true&fsv=true&sl=Sydney&sol_key=9d85c70141330ac903a1f226126bf0ad&sp=serp&sponsored=false&sq=analyst&sr=1&tk=DEyL3ilc_rjLXsxWignN-UarO2_C4xz86akmVLESa&trigger_source=serp,Jora (Playwright),analyst
Commercial Analyst,Robert Half,Sydney CBD NSW,Posted 6d ago,,Commercial Analyst,https://au.jora.com/job/Commercial-Analyst-27856ce36f7b674b74826a8ccd215424?abstract_type=extended_llm&disallow=true&fsv=true&sl=Sydney&sol_key=60c45af41df8cf69fb14b7719072e075&sp=sserp&sponsored=true&sq=analyst&sr=3&tk=DEyL3ilc_rjLXsxWignN-UarO2_C4xz86akmVLESa&trigger_source=serp,Jora (Playwright),analyst
Revenue Analyst,Accor,Sydney NSW,Posted 5d ago,,Revenue Analyst,https://au.jora.com/job/Revenue-Analyst-9417c57de24f56024dfc7d99007e66f5?abstract_type=extended_llm&disallow=true&fsv=true&sl=Sydney&sol_key=f61bae28aad4335f0fda02678aaab8c8&sp=sserp&sponsored=true&sq=analyst&sr=4&tk=DEyL3ilc_rjLXsxWignN-UarO2_C4xz86akmVLESa&trigger_source=serp,Jora (Playwright),analyst
Fraud Assist Analyst - Part Time,NAB,Sydney NSW,Posted 2h ago,,Fraud Assist Analyst - Part Time,https://au.jora.com/job/Analyst-d42eada094c4a0096a0c8b48072dca69?abstract_type=extended_llm&disallow=true&fsv=true&sl=Sydney&sol_key=ac84239173d3332dc1eaceb8103aba71&sp=serp&sponsored=false&sq=analyst&sr=8&tk=DEyL3ilc_rjLXsxWignN-UarO2_C4xz86akmVLESa&trigger_source=serp,Jora (Playwright),analyst
Commercial Analyst,EFM Logistics,Pyrmont NSW,Posted 1d ago,,Commercial Analyst,https://au.jora.com/job/Commercial-Analyst-d0948547174f416311c75c5b89761ed7?abstract_type=extended_llm&disallow=true&fsv=true&sl=Sydney&sol_key=a81d4bca7bee01bbdea4707ecee6f7f3&sp=serp&sponsored=false&sq=analyst&sr=11&tk=DEyL3ilc_rjLXsxWignN-UarO2_C4xz86akmVLESa&trigger_source=serp,Jora (Playwright),analyst
Senior Business Analyst,Peoplebank,Sydney NSW,Posted 4d ago,,Senior Business Analyst,https://au.jora.com/job/Business-Analyst-7d84780d4542ba03910084a195b77095?abstract_type=extended_llm&disallow=true&fsv=true&sl=Sydney&sol_key=ea7414ddaef2102f104c727eac68772f&sp=serp&sponsored=false&sq=analyst&sr=13&tk=DEyL3ilc_rjLXsxWignN-UarO2_C4xz86akmVLESa&trigger_source=serp,Jora (Playwright),analyst
Finance Analyst,CBRE,Sydney NSW,Posted 20h ago,,Finance Analyst,https://au.jora.com/job/Finance-Analyst-5c9cb90490b70449c3252c9a185f695e?abstract_type=extended_llm&disallow=true&fsv=true&sl=Sydney&sol_key=50ce5fdbbdc1556848b92fe3bf852287&sp=serp&sponsored=false&sq=analyst&sr=14&tk=DEyL3ilc_rjLXsxWignN-UarO2_C4xz86akmVLESa&trigger_source=serp,Jora (Playwright),analyst
Senior Commercial Analyst,Lawson Elliott Recruitment,North Sydney NSW,Posted 2h ago,,Senior Commercial Analyst,https://au.jora.com/job/Commercial-Analyst-93a66f9a961c283051c3d55ab0d1eb1e?abstract_type=extended_llm&disallow=true&fsv=true&sl=Sydney&sol_key=c1d00e3b8c7a31582a1876f61abce2f7&sp=serp&sponsored=false&sq=analyst&sr=20&tk=fWbjxzvn5csVEjy5wdvh-hKD4_xNts6uHuvxVeO2c&trigger_source=serp,Jora (Playwright),analyst
Senior Commercial Analyst,Royal Caribbean Group,North Sydney NSW,Posted 21h ago,,Senior Commercial Analyst,https://au.jora.com/job/Commercial-Analyst-a2b5b2fa15f3037b9e0111a1b6ec2957?abstract_type=extended_llm&disallow=true&fsv=true&sl=Sydney&sol_key=99e55f87315705577fe72c50f778321f&sp=serp&sponsored=false&sq=analyst&sr=21&tk=fWbjxzvn5csVEjy5wdvh-hKD4_xNts6uHuvxVeO2c&trigger_source=serp,Jora (Playwright),analyst
Junior Business Analyst,LVT People,Sydney NSW,Posted 9d ago,,Junior Business Analyst,https://au.jora.com/job/Business-Analyst-7c4af625903843cc5f648e69da4fb7ed?abstract_type=original&disallow=true&fsv=true&sl=Sydney&sol_key=2aef58c654c020eaf9476280e0aa4268&sp=serp&sponsored=false&sq=analyst&sr=22&tk=fWbjxzvn5csVEjy5wdvh-hKD4_xNts6uHuvxVeO2c&trigger_source=serp,Jora (Playwright),analyst
Financial Analyst,Amazon,Sydney NSW,Posted 1d ago,,Financial Analyst,https://au.jora.com/job/Financial-Analyst-2cae6622b9ae0f7ae2dce46e625eab05?abstract_type=extended_llm&disallow=true&fsv=true&sl=Sydney&sol_key=42657cba15619940f2e1606f53f28c82&sp=sserp&sponsored=true&sq=analyst&sr=23&tk=fWbjxzvn5csVEjy5wdvh-hKD4_xNts6uHuvxVeO2c&trigger_source=serp,Jora (Playwright),analyst
Commercial Analyst x2,SustainRecruit,Sydney CBD NSW,Posted 4h ago,,Commercial Analyst x2,https://au.jora.com/job/Commercial-Analyst-3fb0d1f1c33c14c49a04137bbd51aa57?abstract_type=extended_llm&disallow=true&fsv=true&sl=Sydney&sol_key=6338ce790098d172a9396034ab5cb0a4&sp=serp&sponsored=false&sq=analyst&sr=24&tk=fWbjxzvn5csVEjy5wdvh-hKD4_xNts6uHuvxVeO2c&trigger_source=serp,Jora (Playwright),analyst
Business Analyst,Renaissance InfoSystems,Sydney NSW,Posted 6d ago,,Business Analyst,https://au.jora.com/job/Business-Analyst-484bae3e1a84047b12fb50f2cffac067?abstract_type=extended_llm&disallow=true&fsv=true&sl=Sydney&sol_key=41c42e5f2f2f08171bea208ccb250b46&sp=serp&sponsored=false&sq=analyst&sr=25&tk=fWbjxzvn5csVEjy5wdvh-hKD4_xNts6uHuvxVeO2c&trigger_source=serp,Jora (Playwright),analyst
Documentation Operations Analyst,Ambition Recruitment,Sydney CBD NSW,Posted 12d ago,,Documentation Operations Analyst,https://au.jora.com/job/Operations-Analyst-f9d0471804e3bcedc5505268d6d8db6a?abstract_type=extended_llm&disallow=true&fsv=true&sl=Sydney&sol_key=1f05283874843e68c181a735e55505ac&sp=sserp&sponsored=true&sq=analyst&sr=26&tk=fWbjxzvn5csVEjy5wdvh-hKD4_xNts6uHuvxVeO2c&trigger_source=serp,Jora (Playwright),analyst
Freight Performance Analyst,Qantas Airways,Sydney NSW,Posted 1d ago,,Freight Performance Analyst,https://au.jora.com/job/Performance-Analyst-d321b7a472e0af6c1951dc439c116b06?abstract_type=extended_llm&disallow=true&fsv=true&sl=Sydney&sol_key=371b734ea76e858306618bcdf2d7da42&sp=serp&sponsored=false&sq=analyst&sr=27&tk=fWbjxzvn5csVEjy5wdvh-hKD4_xNts6uHuvxVeO2c&trigger_source=serp,Jora (Playwright),analyst
Supply Chain Finance Analyst – Ice Cream,Magnum Ice Cream Company,Sydney CBD NSW,Posted 1d ago,,Supply Chain Finance Analyst – Ice Cream,https://au.jora.com/job/Supply-Chain-Finance-3348510cc39db50396e7496eaae9c78a?abstract_type=extended_llm&disallow=true&fsv=true&sl=Sydney&sol_key=d0b51ee5688137bf7a4388d4f526037a&sp=serp&sponsored=false&sq=analyst&sr=28&tk=fWbjxzvn5csVEjy5wdvh-hKD4_xNts6uHuvxVeO2c&trigger_source=serp,Jora (Playwright),analyst
Reward Analyst,Tallentire O'Flynn Movsowitz,Sydney CBD NSW,Posted 1h ago,,Reward Analyst,https://au.jora.com/job/Reward-Analyst-3bef7fde2b9e9a101d8442e4000debf3?abstract_type=extended_llm&disallow=true&fsv=true&sl=Sydney&sol_key=204b4b613ee05e1c63b9551e301aad81&sp=serp&sponsored=false&sq=analyst&sr=29&tk=fWbjxzvn5csVEjy5wdvh-hKD4_xNts6uHuvxVeO2c&trigger_source=serp,Jora (Playwright),analyst
Master Data Analyst,Reo Group,Sydney NSW,Posted 8d ago,,Master Data Analyst,https://au.jora.com/job/Master-Data-Analyst-080df897f1fa0f290faf6b15c27693b9?abstract_type=extended_llm&disallow=true&fsv=true&sl=Sydney&sol_key=d5db8596d1e2ef23da1c9155e846d726&sp=sserp&sponsored=true&sq=analyst&sr=31&tk=I9CPh7nG7R4AnwEoENsY-XOhN1hVvr9S2YztxpVWI&trigger_source=serp,Jora (Playwright),analyst
Finance Analyst - Faculty,UTS,Broadway NSW,Posted 4h ago,,Finance Analyst - Faculty,https://au.jora.com/job/Finance-Analyst-Faculty-4cae2d99e72519966dce4614618fa2dd?abstract_type=original&disallow=true&fsv=true&sl=Sydney&sol_key=b6961e1336c6790318e210943b3d5625&sp=serp&sponsored=false&sq=analyst&sr=32&tk=I9CPh7nG7R4AnwEoENsY-XOhN1hVvr9S2YztxpVWI&trigger_source=serp,Jora (Playwright),analyst
Financial Planning Analyst,Sony,North Sydney NSW,Posted 5d ago,,Financial Planning Analyst,https://au.jora.com/job/Financial-Planning-Analyst-2fb1482946ff0ff18f0fd9ecd4ff02ea?abstract_type=extended_llm&disallow=true&fsv=true&sl=Sydney&sol_key=492d7b68ff9e788f79965e9a14841713&sp=serp&sponsored=false&sq=analyst&sr=33&tk=I9CPh7nG7R4AnwEoENsY-XOhN1hVvr9S2YztxpVWI&trigger_source=serp,Jora (Playwright),analyst
Senior Systems Analyst,AMP,Sydney NSW,Posted 6d ago,,Senior Systems Analyst,https://au.jora.com/job/Systems-Analyst-a092190cbb308a2df498bb1a8432cce9?abstract_type=extended_llm&disallow=true&fsv=true&sl=Sydney&sol_key=79ecfefe0d63509292e90c7cc4d41dba&sp=serp&sponsored=false&sq=analyst&sr=35&tk=I9CPh7nG7R4AnwEoENsY-XOhN1hVvr9S2YztxpVWI&trigger_source=serp,Jora (Playwright),analyst
Workplace Analyst,Reserve Bank of Australia,Sydney NSW,Posted 6d ago,,Workplace Analyst,https://au.jora.com/job/Analyst-64702b46bae559525e5ac716ae1ae8aa?abstract_type=original&disallow=true&fsv=true&sl=Sydney&sol_key=f638f622b26ac143e6b18e9788bb47b0&sp=serp&sponsored=false&sq=analyst&sr=36&tk=I9CPh7nG7R4AnwEoENsY-XOhN1hVvr9S2YztxpVWI&trigger_source=serp,Jora (Playwright),analyst
Investment Performance Analyst,Acenda,Sydney NSW,Posted 1d ago,,Investment Performance Analyst,https://au.jora.com/job/Performance-Analyst-47a155baea9e886e2e8baf545f7c25a2?abstract_type=extended_llm&disallow=true&fsv=true&sl=Sydney&sol_key=eb9f15659f3e2c1928e6dd2f8ae39ba0&sp=serp&sponsored=false&sq=analyst&sr=37&tk=I9CPh7nG7R4AnwEoENsY-XOhN1hVvr9S2YztxpVWI&trigger_source=serp,Jora (Playwright),analyst
Senior Analyst - Forecasting,Australian Energy Market Operator,Sydney CBD NSW,Posted 6h ago,,Senior Analyst - Forecasting,https://au.jora.com/job/Analyst-24dcb2277fade54829ccb538b222d577?abstract_type=extended_llm&disallow=true&fsv=true&sl=Sydney&sol_key=84401b181a215c5ef3c6d588830a5572&sp=serp&sponsored=false&sq=analyst&sr=38&tk=I9CPh7nG7R4AnwEoENsY-XOhN1hVvr9S2YztxpVWI&trigger_source=serp,Jora (Playwright),analyst
Analyst,CommBank,Chatswood NSW,Posted 5d ago,,Analyst,https://au.jora.com/job/Analyst-85ba094b0937df4adaff595b4c65d1bf?abstract_type=extended_llm&disallow=true&fsv=true&sl=Sydney&sol_key=541b92f579c11a7037276750d65bf3fb&sp=sserp&sponsored=true&sq=analyst&sr=39&tk=I9CPh7nG7R4AnwEoENsY-XOhN1hVvr9S2YztxpVWI&trigger_source=serp,Jora (Playwright),analyst
Commercial Analyst,Splend,Sydney NSW,Posted 7d ago,,Commercial Analyst,https://au.jora.com/job/Commercial-Analyst-08998aa2e9b1da2ef71f1429d472eb03?abstract_type=extended_llm&disallow=true&fsv=true&sl=Sydney&sol_key=fc765e852b39827d37d44660e9a1085f&sp=sserp&sponsored=true&sq=analyst&sr=40&tk=I9CPh7nG7R4AnwEoENsY-XOhN1hVvr9S2YztxpVWI&trigger_source=serp,Jora (Playwright),analyst
"Sales Analyst, Field Performance & Insights",American Express,Sydney NSW,Posted 2d ago,,"Sales Analyst, Field Performance & Insights",https://au.jora.com/job/Sales-Analyst-f9b0ca9df607a2417fd44df23965b03c?abstract_type=extended_llm&disallow=true&fsv=true&sl=Sydney&sol_key=81b2b25063d1640ac5ef24782072b1c0&sp=serp&sponsored=false&sq=analyst&sr=41&tk=I9CPh7nG7R4AnwEoENsY-XOhN1hVvr9S2YztxpVWI&trigger_source=serp,Jora (Playwright),analyst
Technology Compliance Analyst,Qantas Airways,Sydney NSW,Posted 1d ago,,Technology Compliance Analyst,https://au.jora.com/job/Compliance-Analyst-345f32faac1e487fefa72d856bbfc796?abstract_type=extended_llm&disallow=true&fsv=true&sl=Sydney&sol_key=93e15c6a3f63d1981f01f5a907b2a7ca&sp=serp&sponsored=false&sq=analyst&sr=42&tk=I9CPh7nG7R4AnwEoENsY-XOhN1hVvr9S2YztxpVWI&trigger_source=serp,Jora (Playwright),analyst
Finance Analyst,Lawson Elliott Recruitment,Sydney CBD NSW,Posted 8h ago,,Finance Analyst,https://au.jora.com/job/Finance-Analyst-ee62abc28b42ba93b301d34903a7dbcb?abstract_type=extended_llm&disallow=true&fsv=true&sl=Sydney&sol_key=95b98bb0e9dad4d5ae1145130584bc3c&sp=serp&sponsored=false&sq=analyst&sr=43&tk=I9CPh7nG7R4AnwEoENsY-XOhN1hVvr9S2YztxpVWI&trigger_source=serp,Jora (Playwright),analyst
Risk and Compliance Analyst,Storage King,Sydney NSW,Posted 5d ago,,Risk and Compliance Analyst,https://au.jora.com/job/Risk-and-Compliance-Analyst-c3a9d27ec79c69d4c0f6d33d2f80e0de?abstract_type=extended_llm&disallow=true&fsv=true&sl=Sydney&sol_key=7bd9f4f354f68643075e3314efd9d280&sp=sserp&sponsored=true&sq=analyst&sr=44&tk=I9CPh7nG7R4AnwEoENsY-XOhN1hVvr9S2YztxpVWI&trigger_source=serp,Jora (Playwright),analyst
ESG Analyst,Cozens Mabel,Sydney NSW,Posted 4d ago,,ESG Analyst,https://au.jora.com/job/ESG-Analyst-67607d1396906e7e951165964898f103?abstract_type=extended_llm&disallow=true&fsv=true&sl=Sydney&sol_key=c03b095fa38286e94b2313534c3f7903&sp=sserp&sponsored=true&sq=analyst&sr=45&tk=I9CPh7nG7R4AnwEoENsY-XOhN1hVvr9S2YztxpVWI&trigger_source=serp,Jora (Playwright),analyst
